name,maxEvolutionLevel,elixirCost,iconUrls,evolutionIcons,rarity,type,mobility,targets,attack_type,groupCard,usage,hitpoints
Archer Queen,,5,https://api-assets.clashroyale.com/cards/300/p7OQmOAFTery7zCzlpDdm-LOD1kINTm42AwIHchZfWk.png,,champion,troop,ground,ground,single,false,6.48,1000
Archers,1,3,https://api-assets.clashroyale.com/cards/300/W4Hmp8MTSdXANN8KdblbtHwtsbt0o749BbxNqmJYfA8.png,https://api-assets.clashroyale.com/cardevolutions/300/W4Hmp8MTSdXANN8KdblbtHwtsbt0o749BbxNqmJYfA8.png,common,troop,ground,both,single,true,1.44,304
Arrows,,3,https://api-assets.clashroyale.com/cards/300/Flsoci-Y6y8ZFVi5uRFTmgkPnCmMyMVrU7YmmuPvSBo.png,,common,spell,flying,both,splash,false,30.64,
Baby Dragon,1,4,https://api-assets.clashroyale.com/cards/300/cjC9n4AvEZJ3urkVh-rwBkJ-aRSsydIMqSAV48hAih0.png,https://api-assets.clashroyale.com/cardevolutions/300/cjC9n4AvEZJ3urkVh-rwBkJ-aRSsydIMqSAV48hAih0.png,epic,troop,flying,both,splash,false,4.64,1152
Balloon,,5,https://api-assets.clashroyale.com/cards/300/qBipxLo-3hhCnPrApp2Nn3b2NgrSrvwzWytvREev0CY.png,,epic,troop,flying,buildings,single,false,7.52,1679
Bandit,,3,https://api-assets.clashroyale.com/cards/300/QWDdXMKJNpv0go-HYaWQWP6p8uIOHjqn-zX7G0p3DyM.png,,legendary,troop,ground,ground,splash,false,9.6,906
Barbarian Barrel,,2,https://api-assets.clashroyale.com/cards/300/Gb0G1yNy0i5cIGUHin8uoFWxqntNtRPhY_jeMXg7HnA.png,,epic,spell,ground,both,splash,false,8.4,670
Barbarian Hut,,6,https://api-assets.clashroyale.com/cards/300/ho0nOG2y3Ch86elHHcocQs8Fv_QNe0cFJ2CijsxABZA.png,,rare,building,ground,ground,single,false,0.16,1164
Barbarians,1,5,https://api-assets.clashroyale.com/cards/300/TvJsuu2S4yhyk1jVYUAQwdKOnW4U77KuWWOTPOWnwfI.png,https://api-assets.clashroyale.com/cardevolutions/300/TvJsuu2S4yhyk1jVYUAQwdKOnW4U77KuWWOTPOWnwfI.png,common,troop,ground,ground,single,true,0.32,670
Bats,1,2,https://api-assets.clashroyale.com/cards/300/EnIcvO21hxiNpoI-zO6MDjLmzwPbq8Z4JPo2OKoVUjU.png,https://api-assets.clashroyale.com/cardevolutions/300/EnIcvO21hxiNpoI-zO6MDjLmzwPbq8Z4JPo2OKoVUjU.png,common,troop,flying,both,single,true,8.88,81
Battle Healer,,4,https://api-assets.clashroyale.com/cards/300/KdwXcoigS2Kg-cgA7BJJIANbUJG6SNgjetRQ-MegZ08.png,,rare,troop,flying,ground,single,false,1.44,1717
Battle Ram,1,4,https://api-assets.clashroyale.com/cards/300/dyc50V2cplKi4H7pq1B3I36pl_sEH5DQrNHboS_dbbM.png,https://api-assets.clashroyale.com/cardevolutions/300/dyc50V2cplKi4H7pq1B3I36pl_sEH5DQrNHboS_dbbM.png,rare,troop,flying,buildings,single,false,2,967
Berserker,,2,https://api-assets.clashroyale.com/cards/300/NA6W8S1JBYBlOPwD3dNvJLFvVDKq-UuBs_J3i3ewLFI.png,,common,troop,ground,ground,single,false,1.36,896
Bomb Tower,,4,https://api-assets.clashroyale.com/cards/300/rirYRyHPc97emRjoH-c1O8uZCBzPVnToaGuNGusF3TQ.png,,rare,building,ground,ground,splash,false,2.24,1356
Bomber,1,2,https://api-assets.clashroyale.com/cards/300/12n1CesxKIcqVYntjxcF36EFA-ONw7Z-DoL0_rQrbdo.png,https://api-assets.clashroyale.com/cardevolutions/300/12n1CesxKIcqVYntjxcF36EFA-ONw7Z-DoL0_rQrbdo.png,common,troop,ground,ground,splash,false,2.48,332
Boss Bandit,,6,https://api-assets.clashroyale.com/cards/300/nuceG9o7rAyvyc7D3sp2QSiRYtSOEgraq0NJkDf729s.png,,champion,troop,ground,ground,single,false,4.32,2803
Bowler,,5,https://api-assets.clashroyale.com/cards/300/SU4qFXmbQXWjvASxVI6z9IJuTYolx4A0MKK90sTIE88.png,,epic,troop,ground,ground,splash,false,3.04,2081
Cannon,1,3,https://api-assets.clashroyale.com/cards/300/nZK1y-beLxO5vnlyUhK6-2zH2NzXJwqykcosqQ1cmZ8.png,https://api-assets.clashroyale.com/cardevolutions/300/nZK1y-beLxO5vnlyUhK6-2zH2NzXJwqykcosqQ1cmZ8.png,common,building,ground,ground,splash,false,10.64,824
Cannon Cart,,5,https://api-assets.clashroyale.com/cards/300/aqwxRz8HXzqlMCO4WMXNA1txynjXTsLinknqsgZLbok.png,,epic,troop,ground,buildings,single,false,4,1730
Clone,,3,https://api-assets.clashroyale.com/cards/300/mHVCet-1TkwWq-pxVIU2ZWY9_2z7Z7wtP25ArEUsP_g.png,,epic,spell,ground,both,splash,false,0.88,
Dark Prince,,4,https://api-assets.clashroyale.com/cards/300/M7fXlrKXHu2IvpSGpk36kXVstslbR08Bbxcy0jQcln8.png,,epic,troop,ground,ground,single,false,4.24,1440
Dart Goblin,1,3,https://api-assets.clashroyale.com/cards/300/BmpK3bqEAviflqHCdxxnfm-_l3pRPJw3qxHkwS55nCY.png,https://api-assets.clashroyale.com/cardevolutions/300/BmpK3bqEAviflqHCdxxnfm-_l3pRPJw3qxHkwS55nCY.png,rare,troop,ground,both,single,false,9.44,261
Earthquake,,3,https://api-assets.clashroyale.com/cards/300/XeQXcrUu59C52DslyZVwCnbi4yamID-WxfVZLShgZmE.png,,rare,spell,ground,both,splash,false,6.72,
Electro Dragon,1,5,https://api-assets.clashroyale.com/cards/300/tN9h6lnMNPCNsx0LMFmvpHgznbDZ1fBRkx-C7UfNmfY.png,https://api-assets.clashroyale.com/cardevolutions/300/tN9h6lnMNPCNsx0LMFmvpHgznbDZ1fBRkx-C7UfNmfY.png,epic,troop,flying,both,splash,false,0.8,949
Electro Giant,,7,https://api-assets.clashroyale.com/cards/300/_uChZkNHAMq6tPb3v6A49xinOe3CnhjstOhG6OZbPYc.png,,epic,troop,ground,ground,splash,false,1.28,3855
Electro Spirit,,1,https://api-assets.clashroyale.com/cards/300/WKd4-IAFsgPpMo7dDi9sujmYjRhOMEWiE07OUJpvD9g.png,,common,troop,ground,ground,single,false,6.4,230
Electro Wizard,,4,https://api-assets.clashroyale.com/cards/300/RsFaHgB3w6vXsTjXdPr3x8l_GbV9TbOUCvIx07prbrQ.png,,legendary,troop,ground,both,splash,false,9.84,714
Elite Barbarians,,6,https://api-assets.clashroyale.com/cards/300/C88C5JH_F3lLZj6K-tLcMo5DPjrFmvzIb1R2M6xCfTE.png,,common,troop,ground,ground,single,true,3.28,1341
Elixir Collector,,6,https://api-assets.clashroyale.com/cards/300/BGLo3Grsp81c72EpxLLk-Sofk3VY56zahnUNOv3JcT0.png,,rare,building,ground,ground,single,false,2.32,1070
Elixir Golem,,3,https://api-assets.clashroyale.com/cards/300/puhMsZjCIqy21HW3hYxjrk_xt8NIPyFqjRy-BeLKZwo.png,,rare,troop,ground,ground,single,false,2.96,1569
Executioner,1,5,https://api-assets.clashroyale.com/cards/300/9XL5BP2mqzV8kza6KF8rOxrpCZTyuGLp2l413DTjEoM.png,https://api-assets.clashroyale.com/cardevolutions/300/9XL5BP2mqzV8kza6KF8rOxrpCZTyuGLp2l413DTjEoM.png,epic,troop,ground,both,splash,false,2.72,1280
Fire Spirit,,1,https://api-assets.clashroyale.com/cards/300/16-BqusVvynIgYI8_Jci3LDC-r8AI_xaIYLgXqtlmS8.png,,common,troop,ground,ground,single,false,1.76,230
Fireball,,4,https://api-assets.clashroyale.com/cards/300/lZD9MILQv7O-P3XBr_xOLS5idwuz3_7Ws9G60U36yhc.png,,rare,spell,flying,both,splash,false,18.64,
Firecracker,1,3,https://api-assets.clashroyale.com/cards/300/c1rL3LO1U2D9-TkeFfAC18gP3AO8ztSwrcHMZplwL2Q.png,https://api-assets.clashroyale.com/cardevolutions/300/c1rL3LO1U2D9-TkeFfAC18gP3AO8ztSwrcHMZplwL2Q.png,common,troop,ground,both,splash,false,8.08,304
Fisherman,,3,https://api-assets.clashroyale.com/cards/300/U2KZ3g0wyufcuA5P2Xrn3Z3lr1WiJmc5S0IWOZHgizQ.png,,legendary,troop,ground,ground,single,false,4,870
Flying Machine,,4,https://api-assets.clashroyale.com/cards/300/hzKNE3QwFcrSrDDRuVW3QY_OnrDPijSiIp-PsWgFevE.png,,rare,troop,flying,both,single,false,2.24,614
Freeze,,4,https://api-assets.clashroyale.com/cards/300/I1M20_Zs_p_BS1NaNIVQjuMJkYI_1-ePtwYZahn0JXQ.png,,epic,spell,ground,both,splash,false,3.12,
Furnace,1,4,https://api-assets.clashroyale.com/cards/300/iqbDiG7yYRIzvCPXdt9zPb3IvMt7F7Gi4wIPnh2x4aI.png,https://api-assets.clashroyale.com/cardevolutions/300/iqbDiG7yYRIzvCPXdt9zPb3IvMt7F7Gi4wIPnh2x4aI.png,rare,troop,ground,both,splash,false,0.64,727
Giant,,5,https://api-assets.clashroyale.com/cards/300/Axr4ox5_b7edmLsoHxBX3vmgijAIibuF6RImTbqLlXE.png,,rare,troop,ground,buildings,single,false,2.32,4090
Giant Skeleton,,6,https://api-assets.clashroyale.com/cards/300/0p0gd0XaVRu1Hb1iSG1hTYbz2AN6aEiZnhaAib5O8Z8.png,,epic,troop,ground,buildings,single,false,2,3617
Giant Snowball,1,2,https://api-assets.clashroyale.com/cards/300/7MaJLa6hK9WN2_VIshuh5DIDfGwm0wEv98gXtAxLDPs.png,https://api-assets.clashroyale.com/cardevolutions/300/7MaJLa6hK9WN2_VIshuh5DIDfGwm0wEv98gXtAxLDPs.png,common,spell,ground,both,splash,false,2.24,
Goblin Barrel,1,3,https://api-assets.clashroyale.com/cards/300/CoZdp5PpsTH858l212lAMeJxVJ0zxv9V-f5xC8Bvj5g.png,https://api-assets.clashroyale.com/cardevolutions/300/CoZdp5PpsTH858l212lAMeJxVJ0zxv9V-f5xC8Bvj5g.png,epic,spell,ground,both,splash,false,10.8,
Goblin Cage,1,4,https://api-assets.clashroyale.com/cards/300/vD24bBgK4rSq7wx5QEbuqChtPMRFviL_ep76GwQw1yA.png,https://api-assets.clashroyale.com/cardevolutions/300/vD24bBgK4rSq7wx5QEbuqChtPMRFviL_ep76GwQw1yA.png,rare,building,ground,ground,single,false,1.2,1080
Goblin Curse,,2,https://api-assets.clashroyale.com/cards/300/OQPfGgT5mHEUvPuKKt0plZT0PNtIjCqUgQ3Rm86dQ2k.png,,epic,spell,ground,both,splash,false,1.28,
Goblin Demolisher,,4,https://api-assets.clashroyale.com/cards/300/KVVOgdn40xasFLYuQv8Go_U_LCV7wSG9q9eE1H7f3Qk.png,,rare,troop,ground,ground,single,false,0.48,1300
Goblin Drill,1,4,https://api-assets.clashroyale.com/cards/300/eN2TKUYbih-26yBi0xy5LVFOA0zDftgDqxxnVfdIg1o.png,https://api-assets.clashroyale.com/cardevolutions/300/eN2TKUYbih-26yBi0xy5LVFOA0zDftgDqxxnVfdIg1o.png,epic,building,ground,ground,single,false,1.92,1313
Goblin Gang,,3,https://api-assets.clashroyale.com/cards/300/NHflxzVAQT4oAz7eDfdueqpictb5vrWezn1nuqFhE4w.png,,common,troop,ground,ground,single,true,26.16,202
Goblin Giant,1,6,https://api-assets.clashroyale.com/cards/300/SoW16cY3jXBwaTDvb39DkqiVsoFVaDWbzf5QBYphJrY.png,https://api-assets.clashroyale.com/cardevolutions/300/SoW16cY3jXBwaTDvb39DkqiVsoFVaDWbzf5QBYphJrY.png,epic,troop,ground,buildings,single,false,0.56,3233
Goblin Hut,,4,https://api-assets.clashroyale.com/cards/300/l8ZdzzNLcwB4u7ihGgxNFQOjCT_njFuAhZr7D6PRF7E.png,,rare,building,ground,ground,splash,false,0.4,1228
Goblin Machine,,5,https://api-assets.clashroyale.com/cards/300/-iLlotr6GCFndL_1BSBqWBb6DnsHBhLerd5EblZDNfU.png,,legendary,troop,ground,ground,single,false,0.88,2304
Goblins,,2,https://api-assets.clashroyale.com/cards/300/X_DQUye_OaS3QN6VC9CPw05Fit7wvSm3XegXIXKP--0.png,,common,troop,ground,ground,single,true,3.6,202
Goblinstein,,5,https://api-assets.clashroyale.com/cards/300/mQ20B49dXdk7Nv0lMdLw175M3YvkSpN6KNnho8UKBd8.png,,champion,troop,ground,ground,single,false,4.64,721
Golden Knight,,4,https://api-assets.clashroyale.com/cards/300/WJd207D0O1sN-l1FTb8P9KhYL2oF5jY26vRUfTUW3FQ.png,,champion,troop,ground,ground,single,false,1.68,1799
Golem,,8,https://api-assets.clashroyale.com/cards/300/npdmCnET7jmVjJvjJQkFnNSNnDxYHDBigbvIAloFMds.png,,epic,troop,ground,ground,single,false,2.24,5120
Graveyard,,5,https://api-assets.clashroyale.com/cards/300/Icp8BIyyfBTj1ncCJS7mb82SY7TPV-MAE-J2L2R48DI.png,,legendary,spell,ground,both,splash,false,3.44,
Guards,,3,https://api-assets.clashroyale.com/cards/300/1ArKfLJxYo6_NU_S9cAeIrfbXqWH0oULVJXedxBXQlU.png,,epic,troop,ground,ground,single,true,11.84,337
Heal Spirit,,1,https://api-assets.clashroyale.com/cards/300/GITl06sa2nGRLPvboyXbGEv5E3I-wAwn1Eqa5esggbc.png,,rare,spell,ground,both,splash,false,1.6,230
Hog Rider,,4,https://api-assets.clashroyale.com/cards/300/Ubu0oUl8tZkusnkZf8Xv9Vno5IO29Y-jbZ4fhoNJ5oc.png,,rare,troop,ground,buildings,single,false,19.44,1697
Hunter,1,4,https://api-assets.clashroyale.com/cards/300/VNabB1WKnYtYRSG7X_FZfnZjQDHTBs9A96OGMFmecrA.png,https://api-assets.clashroyale.com/cardevolutions/300/VNabB1WKnYtYRSG7X_FZfnZjQDHTBs9A96OGMFmecrA.png,epic,troop,ground,both,single,false,1.52,885
Ice Golem,,2,https://api-assets.clashroyale.com/cards/300/r05cmpwV1o7i7FHodtZwW3fmjbXCW34IJCsDEV5cZC4.png,,rare,troop,ground,ground,single,false,4.08,1198
Ice Spirit,1,1,https://api-assets.clashroyale.com/cards/300/lv1budiafU9XmSdrDkk0NYyqASAFYyZ06CPysXKZXlA.png,https://api-assets.clashroyale.com/cardevolutions/300/lv1budiafU9XmSdrDkk0NYyqASAFYyZ06CPysXKZXlA.png,common,troop,ground,ground,single,false,20.64,230
Ice Wizard,,3,https://api-assets.clashroyale.com/cards/300/W3dkw0HTw9n1jB-zbknY2w3wHuyuLxSRIAV5fUT1SEY.png,,legendary,troop,ground,both,splash,false,7.2,688
Inferno Dragon,1,4,https://api-assets.clashroyale.com/cards/300/y5HDbKtTbWG6En6TGWU0xoVIGs1-iQpIP4HC-VM7u8A.png,https://api-assets.clashroyale.com/cardevolutions/300/y5HDbKtTbWG6En6TGWU0xoVIGs1-iQpIP4HC-VM7u8A.png,legendary,troop,flying,both,splash,false,8.16,1295
Inferno Tower,,5,https://api-assets.clashroyale.com/cards/300/GSHY_wrooMMLET6bG_WJB8redtwx66c4i80ipi4gYOM.png,,rare,building,ground,both,single,false,7.6,1748
Knight,1,3,https://api-assets.clashroyale.com/cards/300/jAj1Q5rclXxU9kVImGqSJxa4wEMfEhvwNQ_4jiGUuqg.png,https://api-assets.clashroyale.com/cardevolutions/300/jAj1Q5rclXxU9kVImGqSJxa4wEMfEhvwNQ_4jiGUuqg.png,common,troop,ground,ground,single,false,8.88,1766
Lava Hound,,7,https://api-assets.clashroyale.com/cards/300/unicRQ975sBY2oLtfgZbAI56ZvaWz7azj-vXTLxc0r8.png,,legendary,troop,flying,buildings,single,false,2.4,3581
Lightning,,6,https://api-assets.clashroyale.com/cards/300/fpnESbYqe5GyZmaVVYe-SEu7tE0Kxh_HZyVigzvLjks.png,,epic,spell,ground,both,splash,false,7.04,
Little Prince,,3,https://api-assets.clashroyale.com/cards/300/dY-gSseki6KBpkIG17safHH5YlB8SErFZO9OXbJxf9w.png,,champion,troop,ground,ground,single,false,1.76,698
Lumberjack,1,4,https://api-assets.clashroyale.com/cards/300/E6RWrnCuk13xMX5OE1EQtLEKTZQV6B78d00y8PlXt6Q.png,https://api-assets.clashroyale.com/cardevolutions/300/E6RWrnCuk13xMX5OE1EQtLEKTZQV6B78d00y8PlXt6Q.png,legendary,troop,ground,buildings,single,false,4.32,1282
Magic Archer,,4,https://api-assets.clashroyale.com/cards/300/Avli3W7BxU9HQ2SoLiXnBgGx25FoNXUSFm7OcAk68ek.png,,legendary,troop,ground,both,splash,false,4.08,529
Mega Knight,1,7,https://api-assets.clashroyale.com/cards/300/O2NycChSNhn_UK9nqBXUhhC_lILkiANzPuJjtjoz0CE.png,https://api-assets.clashroyale.com/cardevolutions/300/O2NycChSNhn_UK9nqBXUhhC_lILkiANzPuJjtjoz0CE.png,legendary,troop,ground,ground,single,false,5.04,3993
Mega Minion,,3,https://api-assets.clashroyale.com/cards/300/-T_e4YLbuhPBKbYnBwQfXgynNpp5eOIN_0RracYwL9c.png,,rare,troop,flying,both,single,false,3.28,837
Mighty Miner,,4,https://api-assets.clashroyale.com/cards/300/Cd9R56yraxTvJiD8xJ2qT2OdsHyh94FqOAarXpbyelo.png,,champion,troop,ground,ground,single,false,4.24,2250
Miner,,3,https://api-assets.clashroyale.com/cards/300/Y4yWvdwBCg2FpAZgs8T09Gy34WOwpLZW-ttL52Ae8NE.png,,legendary,troop,ground,ground,single,false,8,1210
Mini P.E.K.K.A,,4,https://api-assets.clashroyale.com/cards/300/Fmltc4j3Ve9vO_xhHHPEO3PRP3SmU2oKp2zkZQHRZT4.png,,rare,troop,ground,ground,single,false,7.36,1361
Minion Horde,,5,https://api-assets.clashroyale.com/cards/300/Wyjq5l0IXHTkX9Rmpap6HaH08MvjbxFp1xBO9a47YSI.png,,common,troop,flying,both,single,true,1.44,230
Minions,,3,https://api-assets.clashroyale.com/cards/300/yHGpoEnmUWPGV_hBbhn-Kk-Bs838OjGzWzJJlQpQKQA.png,,common,troop,flying,both,single,true,2.88,230
Mirror,,,https://api-assets.clashroyale.com/cards/300/wC6Cm9rKLEOk72zTsukVwxewKIoO4ZcMJun54zCPWvA.png,,epic,spell,both,both,,false,1.84,
Monk,,5,https://api-assets.clashroyale.com/cards/300/2onG4t4-CxqwFVZAn6zpWxFz3_mG2ksSj4Q7zldo1SM.png,,champion,troop,ground,ground,single,false,2.32,2150
Mortar,1,4,https://api-assets.clashroyale.com/cards/300/lPOSw6H7YOHq2miSCrf7ZDL3ANjhJdPPDYOTujdNrVE.png,https://api-assets.clashroyale.com/cardevolutions/300/lPOSw6H7YOHq2miSCrf7ZDL3ANjhJdPPDYOTujdNrVE.png,common,building,ground,buildings,splash,false,0.32,1369
Mother Witch,,4,https://api-assets.clashroyale.com/cards/300/fO-Xah8XZkYKaSK9SCp3wnzwxtvIhun9NVY-zzte1Ng.png,,legendary,troop,ground,ground,single,false,2,529
Musketeer,1,4,https://api-assets.clashroyale.com/cards/300/Tex1C48UTq9FKtAX-3tzG0FJmc9jzncUZG3bb5Vf-Ds.png,https://api-assets.clashroyale.com/cardevolutions/300/Tex1C48UTq9FKtAX-3tzG0FJmc9jzncUZG3bb5Vf-Ds.png,rare,troop,ground,both,single,false,5.12,721
Night Witch,,4,https://api-assets.clashroyale.com/cards/300/NpCrXDEDBBJgNv9QrBAcJmmMFbS7pe3KCY8xJ5VB18A.png,,legendary,troop,ground,both,single,false,3.12,906
P.E.K.K.A,1,7,https://api-assets.clashroyale.com/cards/300/MlArURKhn_zWAZY-Xj1qIRKLVKquarG25BXDjUQajNs.png,https://api-assets.clashroyale.com/cardevolutions/300/MlArURKhn_zWAZY-Xj1qIRKLVKquarG25BXDjUQajNs.png,epic,troop,ground,ground,single,false,3.28,3760
Phoenix,,4,https://api-assets.clashroyale.com/cards/300/i0RoY1fs6ay7VAxyFEfZGIPnD002nAKcne9FtJsWBHM.png,,legendary,troop,flying,both,single,false,1.6,1052
Poison,,4,https://api-assets.clashroyale.com/cards/300/98HDkG2189yOULcVG9jz2QbJKtfuhH21DIrIjkOjxI8.png,,epic,spell,ground,both,splash,false,7.44,
Prince,,5,https://api-assets.clashroyale.com/cards/300/3JntJV62aY0G1Qh6LIs-ek-0ayeYFY3VItpG7cb9I60.png,,epic,troop,ground,ground,single,false,9.92,1920
Princess,,3,https://api-assets.clashroyale.com/cards/300/bAwMcqp9EKVIKH3ZLm_m0MqZFSG72zG-vKxpx8aKoVs.png,,legendary,troop,ground,both,splash,false,9.92,261
Rage,,2,https://api-assets.clashroyale.com/cards/300/bGP21OOmcpHMJ5ZA79bHVV2D-NzPtDkvBskCNJb7pg0.png,,epic,spell,ground,both,splash,false,8.48,
Ram Rider,,5,https://api-assets.clashroyale.com/cards/300/QaJyerT7f7oMyZ3Fv1glKymtLSvx7YUXisAulxl7zRI.png,,legendary,troop,ground,buildings,single,false,3.2,1697
Rascals,,5,https://api-assets.clashroyale.com/cards/300/KV48DfwVHKx9XCjzBdk3daT_Eb52Me4VgjVO7WctRc4.png,,common,troop,ground,ground,single,true,1.36,2201
Rocket,,6,https://api-assets.clashroyale.com/cards/300/Ie07nQNK9CjhKOa4-arFAewi4EroqaA-86Xo7r5tx94.png,,rare,spell,ground,both,splash,false,7.44,
Royal Delivery,,3,https://api-assets.clashroyale.com/cards/300/LPg7AGjGI3_xmi7gLLgGC50yKM1jJ2teWkZfoHJcIZo.png,,common,spell,ground,both,splash,false,4,787
Royal Ghost,1,3,https://api-assets.clashroyale.com/cards/300/3En2cz0ISQAaMTHY3hj3rTveFN2kJYq-H4VxvdJNvCM.png,https://api-assets.clashroyale.com/cardevolutions/300/3En2cz0ISQAaMTHY3hj3rTveFN2kJYq-H4VxvdJNvCM.png,legendary,troop,ground,ground,single,false,5.52,1210
Royal Giant,1,6,https://api-assets.clashroyale.com/cards/300/mnlRaNtmfpQx2e6mp70sLd0ND-pKPF70Cf87_agEKg4.png,https://api-assets.clashroyale.com/cardevolutions/300/mnlRaNtmfpQx2e6mp70sLd0ND-pKPF70Cf87_agEKg4.png,common,troop,ground,buildings,single,false,0.72,3164
Royal Hogs,,5,https://api-assets.clashroyale.com/cards/300/ASSQJG_MoVq9e81HZzo4bynMnyLNpNJMfSLb3hqydOw.png,,rare,troop,ground,ground,single,true,4.48,837
Royal Recruits,1,7,https://api-assets.clashroyale.com/cards/300/jcNyYGUiXXNz3kuz8NBkHNKNREQKraXlb_Ts7rhCIdM.png,https://api-assets.clashroyale.com/cardevolutions/300/jcNyYGUiXXNz3kuz8NBkHNKNREQKraXlb_Ts7rhCIdM.png,common,troop,ground,ground,single,true,0.96,787
Rune Giant,,4,https://api-assets.clashroyale.com/cards/300/UogMnGHQXT-TOVXRxslKdAKXUPhqUvrD_hV9x8lbzdE.png,,epic,troop,ground,ground,single,false,0.32,2508
Skeleton Army,1,3,https://api-assets.clashroyale.com/cards/300/fAOToOi1pRy7svN2xQS6mDkhQw2pj9m_17FauaNqyl4.png,https://api-assets.clashroyale.com/cardevolutions/300/fAOToOi1pRy7svN2xQS6mDkhQw2pj9m_17FauaNqyl4.png,epic,troop,ground,ground,single,true,6.8,81
Skeleton Barrel,1,3,https://api-assets.clashroyale.com/cards/300/vCB4DWCcrGbTkarjcOiVz4aNDx6GWLm0yUepg9E1MGo.png,https://api-assets.clashroyale.com/cardevolutions/300/vCB4DWCcrGbTkarjcOiVz4aNDx6GWLm0yUepg9E1MGo.png,common,troop,ground,buildings,single,false,5.36,532
Skeleton Dragons,,4,https://api-assets.clashroyale.com/cards/300/qPOtg9uONh47_NLxGhhFc_ww9PlZ6z3Ry507q1NZUXs.png,,common,troop,flying,both,single,true,2.72,560
Skeleton King,,4,https://api-assets.clashroyale.com/cards/300/dCd69_wN9f8DxwuqOGtR4QgWhHIPIaTNxZ1e23RzAAc.png,,champion,troop,ground,ground,splash,false,3.68,2298
Skeletons,1,1,https://api-assets.clashroyale.com/cards/300/oO7iKMU5m0cdxhYPZA3nWQiAUh2yoGgdThLWB1rVSec.png,https://api-assets.clashroyale.com/cardevolutions/300/oO7iKMU5m0cdxhYPZA3nWQiAUh2yoGgdThLWB1rVSec.png,common,troop,ground,ground,single,true,14.56,81
Sparky,,6,https://api-assets.clashroyale.com/cards/300/2GKMkBrArZXgQxf2ygFjDs4VvGYPbx8F6Lj_68iVhIM.png,,legendary,troop,ground,ground,single,false,3.12,1451
Spear Goblins,,2,https://api-assets.clashroyale.com/cards/300/FSDFotjaXidI4ku_WFpVCTWS1hKGnFh1sxX0lxM43_E.png,,common,troop,ground,both,single,true,4,133
Suspicious Bush,,2,https://api-assets.clashroyale.com/cards/300/vqTzGAjseQv9F5rf4tsFWeocvg0dyPw1j_nB1cmDZfI.png,,rare,troop,ground,ground,single,false,1.12,81
Tesla,1,4,https://api-assets.clashroyale.com/cards/300/OiwnGrxFMNiHetYEerE-UZt0L_uYNzFY7qV_CA_OxR4.png,https://api-assets.clashroyale.com/cardevolutions/300/OiwnGrxFMNiHetYEerE-UZt0L_uYNzFY7qV_CA_OxR4.png,common,building,ground,both,single,false,8.64,1152
The Log,,2,https://api-assets.clashroyale.com/cards/300/_iDwuDLexHPFZ_x4_a0eP-rxCS6vwWgTs6DLauwwoaY.png,,legendary,spell,ground,both,splash,false,42.88,
Three Musketeers,,9,https://api-assets.clashroyale.com/cards/300/_J2GhbkX3vswaFk1wG-dopwiHyNc_YiPhwroiKF3Mek.png,,rare,troop,ground,ground,splash,true,0.72,721
Tombstone,,3,https://api-assets.clashroyale.com/cards/300/LjSfSbwQfkZuRJY4pVxKspZ-a0iM5KAhU8w-a_N5Z7Y.png,,rare,building,ground,ground,single,false,2.56,529
Tornado,,3,https://api-assets.clashroyale.com/cards/300/QJB-QK1QJHdw4hjpAwVSyZBozc2ZWAR9pQ-SMUyKaT0.png,,epic,spell,ground,both,splash,false,13.52,
Valkyrie,1,4,https://api-assets.clashroyale.com/cards/300/0lIoYf3Y_plFTzo95zZL93JVxpfb3MMgFDDhgSDGU9A.png,https://api-assets.clashroyale.com/cardevolutions/300/0lIoYf3Y_plFTzo95zZL93JVxpfb3MMgFDDhgSDGU9A.png,rare,troop,ground,ground,splash,false,3.04,1907
Vines,,3,https://api-assets.clashroyale.com/cards/300/V5sJlPuo2WBRtirJ1lGEPJA4NvQ0KPwFeMrpxLX5z_8.png,,epic,spell,ground,both,splash,false,,
Void,,3,https://api-assets.clashroyale.com/cards/300/BykyeWDqzn4PlHSszu3NbrXT1mHxW2EA8vHbQGR5LDE.png,,epic,spell,ground,both,splash,false,0.8,
Wall Breakers,1,2,https://api-assets.clashroyale.com/cards/300/_xPphEfC8eEwFNrfU3cMQG9-f5JaLQ31ARCA7l3XtW4.png,https://api-assets.clashroyale.com/cardevolutions/300/_xPphEfC8eEwFNrfU3cMQG9-f5JaLQ31ARCA7l3XtW4.png,epic,troop,ground,buildings,single,true,7.12,330
Witch,1,5,https://api-assets.clashroyale.com/cards/300/cfwk1vzehVyHC-uloEIH6NOI0hOdofCutR5PyhIgO6w.png,https://api-assets.clashroyale.com/cardevolutions/300/cfwk1vzehVyHC-uloEIH6NOI0hOdofCutR5PyhIgO6w.png,epic,troop,ground,both,splash,false,5.12,839
Wizard,1,5,https://api-assets.clashroyale.com/cards/300/Mej7vnv4H_3p_8qPs_N6_GKahy6HDr7pU7i9eTHS84U.png,https://api-assets.clashroyale.com/cardevolutions/300/Mej7vnv4H_3p_8qPs_N6_GKahy6HDr7pU7i9eTHS84U.png,rare,troop,ground,both,splash,false,2.72,755
X-Bow,,6,https://api-assets.clashroyale.com/cards/300/zVQ9Hme1hlj9Dc6e1ORl9xWwglcSrP7ejow5mAhLUJc.png,,epic,building,ground,buildings,single,false,3.04,1600
Zap,1,2,https://api-assets.clashroyale.com/cards/300/7dxh2-yCBy1x44GrBaL29vjqnEEeJXHEAlsi5g6D1eY.png,https://api-assets.clashroyale.com/cardevolutions/300/7dxh2-yCBy1x44GrBaL29vjqnEEeJXHEAlsi5g6D1eY.png,common,spell,ground,both,splash,false,11.36,
Zappies,,4,https://api-assets.clashroyale.com/cards/300/QZfHRpLRmutZbCr5fpLnTpIp89vLI6NrAwzGZ8tHEc4.png,,rare,troop,ground,ground,single,true,1.28,529
